Date,Open,High,Low,Close,Adj Close,Volume
2015-08-06,0.674700,3.000000,0.674700,3.000000,3.000000,371
2015-08-07,3.000000,3.000000,0.150000,1.200000,1.200000,1438
2015-08-08,1.200000,1.200000,1.200000,1.200000,1.200000,0
2015-08-09,1.200000,1.200000,1.200000,1.200000,1.200000,0
2015-08-10,1.200000,1.200000,0.650400,0.990000,0.990000,7419
2015-08-11,0.990000,1.290000,0.905000,1.290000,1.290000,2376
2015-08-12,1.290000,1.880000,1.260000,1.880000,1.880000,4923
2015-08-13,1.880000,2.100000,1.790000,1.790000,1.790000,11070
2015-08-14,1.790000,1.790000,1.500000,1.790000,1.790000,14812
2015-08-15,1.790000,1.790000,0.500000,1.370000,1.370000,10794
2015-08-16,1.370000,1.590000,1.250000,1.300000,1.300000,6063
2015-08-17,1.300000,1.360000,1.150000,1.360000,1.360000,2867
2015-08-18,1.360000,1.360000,0.990000,1.240000,1.240000,4769
2015-08-19,1.240000,1.520000,1.240000,1.520000,1.520000,1771
2015-08-20,1.520000,1.530000,1.440000,1.440000,1.440000,9197
2015-08-21,1.440000,1.440000,1.400000,1.400000,1.400000,321
2015-08-22,1.400000,1.400000,1.310000,1.350000,1.350000,438
2015-08-23,1.350000,1.350000,1.240000,1.240000,1.240000,6460
2015-08-24,1.240000,1.280000,1.220000,1.270000,1.270000,1188
2015-08-25,1.270000,1.270000,1.080000,1.180000,1.180000,2337
2015-08-26,1.180000,1.190000,1.140000,1.140000,1.140000,269
2015-08-27,1.140000,1.300000,1.140000,1.300000,1.300000,26922
2015-08-28,1.300000,1.300000,1.150000,1.180000,1.180000,383
2015-08-29,1.180000,1.350000,1.170000,1.320000,1.320000,10975
2015-08-30,1.320000,1.320000,0.900000,1.310000,1.310000,3959
2015-08-31,1.310000,1.380000,1.310000,1.360000,1.360000,1220
2015-09-01,1.360000,1.370000,1.140000,1.140000,1.140000,698
2015-09-02,1.140000,1.330000,1.140000,1.230000,1.230000,3717
2015-09-03,1.280000,1.400000,1.280000,1.350000,1.350000,18
2015-09-04,1.230000,1.370000,1.230000,1.370000,1.370000,10437
2015-09-05,1.370000,1.390000,1.340000,1.340000,1.340000,145
2015-09-06,1.340000,1.340000,1.280000,1.280000,1.280000,526
2015-09-07,1.280000,1.280000,1.260000,1.260000,1.260000,103
2015-09-08,1.260000,1.260000,1.210000,1.210000,1.210000,27
2015-09-09,1.210000,1.210000,1.120000,1.190000,1.190000,3361
2015-09-10,1.190000,1.190000,0.924200,0.924200,0.924200,3066
2015-09-11,0.924200,1.150000,0.924200,1.150000,1.150000,513
2015-09-12,1.150000,1.150000,0.883700,0.885600,0.885600,3817
2015-09-13,0.885600,0.962200,0.885000,0.955000,0.955000,805
2015-09-14,0.955000,1.000000,0.804000,0.950000,0.950000,2273
2015-09-15,0.950000,0.956300,0.936300,0.936300,0.936300,47
2015-09-16,0.936300,0.936300,0.823800,0.875000,0.875000,129
2015-09-17,0.875000,0.880000,0.852300,0.852300,0.852300,593
2015-09-18,0.852300,0.890000,0.801300,0.890000,0.890000,3
2015-09-19,0.890000,0.890000,0.880000,0.887100,0.887100,12
2015-09-20,0.887100,0.950000,0.887100,0.941200,0.941200,171
2015-09-21,0.941200,0.941200,0.805900,0.805900,0.805900,175
2015-09-22,0.805900,0.910000,0.805900,0.910000,0.910000,13
2015-09-23,0.910000,0.910000,0.800000,0.800000,0.800000,568
2015-09-24,0.800000,0.800000,0.682300,0.682300,0.682300,2184
2015-09-25,0.682300,0.770300,0.680500,0.770300,0.770300,58
2015-09-26,0.770300,0.770300,0.700700,0.700800,0.700800,10
2015-09-27,0.700800,0.704700,0.600000,0.600000,0.600000,3491
2015-09-28,0.600000,0.681600,0.500000,0.681600,0.681600,11590
2015-09-29,0.681600,0.740000,0.504600,0.713700,0.713700,529
2015-09-30,0.713700,0.713700,0.654500,0.654800,0.654800,457
2015-10-01,0.654800,0.666000,0.654800,0.664700,0.664700,266
2015-10-02,0.664700,0.679600,0.664700,0.679600,0.679600,34
2015-10-03,0.679600,0.674700,0.609500,0.609500,0.609500,533
2015-10-04,0.609500,0.609500,0.607800,0.607800,0.607800,35
2015-10-05,0.607800,0.651100,0.609100,0.651100,0.651100,15
2015-10-06,0.651100,0.611000,0.600000,0.600000,0.600000,1236
2015-10-07,0.600000,0.640000,0.600000,0.620000,0.620000,3673
2015-10-08,0.620000,0.635200,0.570100,0.635200,0.635200,1298
2015-10-09,0.750000,0.750000,0.635100,0.635100,0.635100,0
2015-10-10,0.635200,0.599300,0.599300,0.599300,0.599300,8
2015-10-11,0.599300,0.639000,0.630000,0.630000,0.630000,13
2015-10-12,0.630000,0.650000,0.601600,0.601700,0.601700,471
2015-10-13,0.601700,0.601700,0.500000,0.500000,0.500000,1538
2015-10-14,0.500000,0.560000,0.483200,0.560000,0.560000,128
2015-10-15,0.560000,0.562200,0.525000,0.525000,0.525000,210
2015-10-16,0.525000,0.540000,0.520000,0.523000,0.523000,855
2015-10-17,0.523000,0.520000,0.505000,0.505000,0.505000,534
2015-10-18,0.505000,0.505000,0.482100,0.500000,0.500000,780
2015-10-19,0.500000,0.480500,0.440000,0.440000,0.440000,682
2015-10-20,0.440000,0.471900,0.420000,0.420000,0.420000,707
2015-10-21,0.420000,0.609000,0.411000,0.609000,0.609000,1759
2015-10-22,0.609000,0.609000,0.500000,0.564900,0.564900,2166
2015-10-23,0.564900,0.556100,0.510000,0.556100,0.556100,156
2015-10-24,0.556100,0.670000,0.587500,0.620000,0.620000,902
2015-10-26,0.620000,0.706000,0.620000,0.706000,0.706000,1190
2015-10-27,0.706000,0.901000,0.701200,0.830000,0.830000,1738
2015-10-28,0.830000,1.010000,0.820000,0.990000,0.990000,4611
2015-10-29,0.990000,1.200000,0.971700,1.120000,1.120000,4937
2015-10-30,1.120000,1.340000,1.120000,1.140000,1.140000,4346
2015-10-31,1.140000,1.140000,0.867600,0.867600,0.867600,804
2015-11-01,0.867600,0.990000,0.867600,0.990000,0.990000,176
2015-11-02,0.990000,1.060000,0.975300,0.987800,0.987800,7192
2015-11-03,0.987800,1.060000,0.842500,1.060000,1.060000,6124
2015-11-04,1.060000,1.060000,0.798700,0.799000,0.799000,5189
2015-11-05,0.799000,1.000000,0.799000,0.876400,0.876400,1078
2015-11-06,0.876400,0.989900,0.790000,0.989900,0.989900,3121
2015-11-07,0.989900,0.930000,0.864700,0.930000,0.930000,1195
2015-11-08,0.930000,1.000000,0.894500,1.000000,1.000000,3067
2015-11-09,1.000000,1.080000,0.890000,0.998000,0.998000,8903
2015-11-10,0.998000,1.000000,0.900000,0.900000,0.900000,7531
2015-11-11,0.900000,0.940000,0.730000,0.750000,0.750000,9539
2015-11-12,0.750000,0.900000,0.750000,0.880000,0.880000,2032
2015-11-13,0.880000,0.900000,0.839500,0.900000,0.900000,1625
2015-11-14,0.900000,0.910000,0.873600,0.880000,0.880000,469
2015-11-15,0.880000,0.919300,0.874600,0.919300,0.919300,770
2015-11-16,0.919300,0.925000,0.661200,0.925000,0.925000,2699
2015-11-17,0.925000,1.000000,0.922400,1.000000,1.000000,9189
2015-11-18,1.000000,1.000000,0.950000,0.997300,0.997300,3299
2015-11-19,0.997300,1.000000,0.920000,0.940000,0.940000,1221
2015-11-20,0.940000,0.940000,0.910000,0.920000,0.920000,154
2015-11-21,0.920000,0.960000,0.920000,0.960000,0.960000,378
2015-11-22,0.960000,0.970000,0.882700,0.970000,0.970000,236
2015-11-23,0.970000,0.920000,0.920000,0.920000,0.920000,775
2015-11-24,0.920000,0.950000,0.910000,0.910000,0.910000,544
2015-11-25,0.910000,0.912600,0.867400,0.870000,0.870000,2775
2015-11-26,0.870000,0.910000,0.815500,0.860000,0.860000,4777
2015-11-27,0.860000,0.890000,0.880000,0.880000,0.880000,719
2015-11-28,0.880000,0.910000,0.880000,0.910000,0.910000,968
2015-11-29,0.910000,0.910000,0.850000,0.870000,0.870000,2380
2015-11-30,0.870000,0.880000,0.867400,0.880000,0.880000,394
2015-12-01,0.880000,0.888500,0.842300,0.870000,0.870000,2502
2015-12-02,0.870000,0.870000,0.800000,0.820000,0.820000,3243
2015-12-03,0.820000,0.830000,0.797900,0.830000,0.830000,905
2015-12-04,0.830000,0.840000,0.824600,0.840000,0.840000,527
2015-12-05,0.840000,0.869900,0.835100,0.869900,0.869900,785
2015-12-06,0.869900,0.870000,0.825000,0.825000,0.825000,765
2015-12-07,0.825000,0.825000,0.782900,0.790000,0.790000,1325
2015-12-08,0.790000,0.898000,0.779600,0.810200,0.810200,5379
2015-12-09,0.810200,0.853300,0.761000,0.805100,0.805100,7556
2015-12-10,0.805100,0.868300,0.779700,0.843700,0.843700,5897
2015-12-11,0.843700,0.900000,0.770000,0.899800,0.899800,5965
2015-12-12,0.899800,0.960000,0.899800,0.960000,0.960000,5089
2015-12-13,0.960000,0.974900,0.883500,0.919900,0.919900,980
2015-12-14,0.919900,0.990000,0.962800,0.990000,0.990000,4533
2015-12-15,0.990000,1.000000,0.960000,1.000000,1.000000,8124
2015-12-16,1.000000,1.100000,0.800000,0.803000,0.803000,5846
2015-12-17,0.803000,0.970100,0.803000,0.940000,0.940000,576
2015-12-18,0.940000,0.940000,0.900000,0.900000,0.900000,376
2015-12-19,0.900000,0.919300,0.893500,0.893500,0.893500,2153
2015-12-20,0.893500,1.070000,0.893500,1.070000,1.070000,1380
2015-12-21,1.070000,1.070000,0.910000,0.910000,0.910000,2543
2015-12-22,0.910000,0.999900,0.880000,0.880000,0.880000,6918
2015-12-23,0.880000,0.989700,0.870000,0.870900,0.870900,498
2015-12-24,0.870900,0.889900,0.850000,0.870000,0.870000,1216
2015-12-25,0.870000,0.880000,0.856900,0.880000,0.880000,313
2015-12-26,0.880000,1.000000,0.850000,0.853000,0.853000,2673
2015-12-27,0.853000,0.918000,0.840000,0.918000,0.918000,1168
2015-12-28,0.918000,0.918000,0.840000,0.874900,0.874900,3616
2015-12-29,0.874900,0.890000,0.843300,0.860000,0.860000,458
2015-12-30,0.860000,0.929000,0.860000,0.892500,0.892500,3942
2015-12-31,0.892500,0.966600,0.892500,0.948800,0.948800,766
2016-01-01,0.948800,0.948800,0.918400,0.920000,0.920000,43
2016-01-02,0.920000,0.954700,0.920000,0.954700,0.954700,68
2016-01-03,0.954700,0.970000,0.950600,0.960000,0.960000,485
2016-01-04,0.960000,0.964400,0.918600,0.950000,0.950000,787
2016-01-05,0.950000,0.959900,0.940900,0.942600,0.942600,735
2016-01-06,0.942600,0.952000,0.929200,0.950000,0.950000,1053
2016-01-07,0.950000,0.960000,0.930000,0.940000,0.940000,1618
2016-01-08,0.940000,0.985000,0.940000,0.985000,0.985000,6900
2016-01-09,0.985000,0.998000,0.965400,0.985000,0.985000,3030
2016-01-10,0.985000,1.000000,0.990200,1.000000,1.000000,1681
2016-01-11,1.000000,1.100000,1.000000,1.080000,1.080000,8945
2016-01-12,1.080000,1.250000,1.050000,1.220000,1.220000,27407
2016-01-13,1.220000,1.220000,1.070000,1.140000,1.140000,9029
2016-01-14,1.140000,1.160000,1.100000,1.160000,1.160000,2056
2016-01-15,1.160000,1.330000,1.160000,1.200000,1.200000,8843
2016-01-16,1.200000,1.320000,1.200000,1.220000,1.220000,8316
2016-01-17,1.220000,1.310000,1.210000,1.310000,1.310000,2321
2016-01-18,1.310000,1.550000,1.310000,1.470000,1.470000,49371
2016-01-19,1.470000,1.470000,1.220000,1.220000,1.220000,4079
2016-01-20,1.220000,1.610000,1.220000,1.540000,1.540000,7820
2016-01-21,1.540000,1.610000,1.400000,1.540000,1.540000,39665
2016-01-22,1.540000,1.660000,1.420000,1.520000,1.520000,11707
2016-01-23,1.520000,2.030000,1.390000,2.030000,2.030000,50006
2016-01-24,2.030000,2.300000,1.100000,2.100000,2.100000,130458
2016-01-25,2.100000,2.880000,2.050000,2.500000,2.500000,52226
2016-01-26,2.500000,2.800000,2.250000,2.300000,2.300000,117514
2016-01-27,2.300000,2.800000,1.880000,2.420000,2.420000,39261
2016-01-28,2.420000,2.610000,2.240000,2.550000,2.550000,15510
2016-01-29,2.550000,2.610000,2.210000,2.410000,2.410000,67942
2016-01-30,2.410000,2.600000,2.370000,2.440000,2.440000,8531
2016-01-31,2.440000,2.540000,2.200000,2.200000,2.200000,39324
2016-02-01,2.200000,2.320000,2.000000,2.170000,2.170000,27808
2016-02-02,2.170000,2.450000,2.120000,2.450000,2.450000,20326
2016-02-03,2.450000,2.540000,2.300000,2.530000,2.530000,16849
2016-02-04,2.530000,2.790000,2.500000,2.570000,2.570000,37881
2016-02-05,2.570000,2.590000,2.470000,2.560000,2.560000,26847
2016-02-06,2.560000,2.570000,2.480000,2.530000,2.530000,14564
2016-02-07,2.530000,3.000000,2.510000,3.000000,3.000000,50607
2016-02-08,3.000000,3.240000,2.750000,3.160000,3.160000,68693
2016-02-09,3.160000,3.970000,3.140000,3.760000,3.760000,112281
2016-02-10,3.760000,4.980000,3.500000,4.350000,4.350000,420132
2016-02-11,4.350000,6.380000,3.440000,6.380000,6.380000,237406
2016-02-12,6.380000,6.470000,5.050000,5.270000,5.270000,329698
2016-02-13,5.270000,5.800000,4.070000,5.220000,5.220000,309173
2016-02-14,5.220000,5.410000,4.500000,5.200000,5.200000,105581
2016-02-15,5.200000,5.980000,4.500000,5.220000,5.220000,157021
2016-02-16,5.220000,5.440000,4.000000,4.250000,4.250000,149224
2016-02-17,4.250000,4.780000,3.500000,3.860000,3.860000,194919
2016-02-18,3.860000,4.750000,3.320000,4.360000,4.360000,160004
2016-02-19,4.360000,4.750000,4.060000,4.450000,4.450000,67845
2016-02-20,4.450000,4.720000,4.010000,4.370000,4.370000,59998
2016-02-21,4.370000,4.630000,4.000000,4.630000,4.630000,96725
2016-02-22,4.630000,5.840000,4.500000,5.600000,5.600000,184739
2016-02-23,5.600000,6.000000,5.320000,5.700000,5.700000,167226
2016-02-24,5.700000,6.500000,5.510000,6.230000,6.230000,203972
2016-02-25,6.230000,6.640000,5.550000,5.930000,5.930000,301845
2016-02-26,5.930000,6.290000,5.710000,6.030000,6.030000,94076
2016-02-27,6.030000,6.500000,5.750000,6.310000,6.310000,190116
2016-02-28,6.310000,6.540000,6.150000,6.500000,6.500000,88226
2016-02-29,6.500000,6.620000,6.000000,6.350000,6.350000,104433
2016-03-01,6.350000,7.600000,6.250000,7.590000,7.590000,429220
2016-03-02,7.590000,9.900000,7.040000,8.700000,8.700000,467357
2016-03-03,8.700000,9.940000,8.300000,9.350000,9.350000,862559
2016-03-04,9.350000,9.960000,8.270000,9.960000,9.960000,908225
2016-03-05,9.960000,12.000000,9.750000,11.000000,11.000000,1726260
2016-03-06,11.000000,11.900000,9.750000,10.980000,10.980000,845841
2016-03-07,10.980000,11.470000,9.060000,9.500000,9.500000,732233
2016-03-08,9.500000,10.890000,8.490000,9.880000,9.880000,592001
2016-03-09,9.880000,12.000000,9.600000,11.550000,11.550000,568223
2016-03-10,11.550000,12.050000,10.250000,11.110000,11.110000,749105
2016-03-11,11.110000,11.620000,10.400000,11.250000,11.250000,332692
2016-03-12,11.250000,13.480000,11.030000,13.250000,13.250000,1669862
2016-03-13,13.250000,15.180000,12.000000,15.000000,15.000000,1539173
2016-03-14,15.000000,15.000000,10.500000,12.500000,12.500000,1909296
2016-03-15,12.500000,13.450000,10.000000,13.090000,13.090000,978794
2016-03-16,13.090000,13.750000,12.800000,12.920000,12.920000,593048
2016-03-17,12.920000,13.000000,10.200000,11.140000,11.140000,1442272
2016-03-18,11.140000,11.470000,8.090000,10.750000,10.750000,1629668
2016-03-19,10.750000,11.190000,9.800000,10.550000,10.550000,512234
2016-03-20,10.550000,10.850000,9.520000,10.060000,10.060000,469675
2016-03-21,10.060000,11.990000,9.930000,11.970000,11.970000,819534
2016-03-22,11.970000,12.200000,10.950000,10.960000,10.960000,727727
2016-03-23,10.960000,12.500000,10.960000,12.290000,12.290000,654062
2016-03-24,12.290000,12.480000,10.840000,11.130000,11.130000,749565
2016-03-25,11.130000,11.400000,10.510000,10.690000,10.690000,555245
2016-03-26,10.690000,11.380000,10.580000,11.000000,11.000000,265184
2016-03-27,11.000000,11.090000,10.110000,10.500000,10.500000,465235
2016-03-27,10.500000,11.830000,10.300000,11.580000,11.580000,711407
2016-03-28,11.580000,11.800000,11.190000,11.730000,11.730000,472412
2016-03-29,11.730000,12.130000,11.210000,11.880000,11.880000,644259
2016-03-30,11.880000,12.130000,11.330000,11.410000,11.410000,469619
2016-03-31,11.410000,11.890000,11.270000,11.630000,11.630000,230341
2016-04-01,11.630000,11.670000,11.350000,11.610000,11.610000,109565
2016-04-02,11.610000,11.640000,11.460000,11.580000,11.580000,143804
2016-04-03,11.580000,11.630000,10.990000,11.100000,11.100000,368905
2016-04-04,11.100000,11.260000,10.010000,10.390000,10.390000,848156
2016-04-05,10.390000,11.130000,10.250000,10.790000,10.790000,347894
2016-04-06,10.790000,10.800000,9.900000,10.080000,10.080000,499584
2016-04-07,10.080000,10.320000,9.590000,9.740000,9.740000,345107
2016-04-08,9.740000,10.050000,9.000000,9.160000,9.160000,582928
2016-04-09,9.160000,9.200000,7.350000,8.800000,8.800000,1608160
2016-04-10,8.800000,8.950000,7.990000,8.720000,8.720000,477247
2016-04-11,8.720000,8.720000,7.150000,7.530000,7.530000,656699
2016-04-12,7.530000,8.760000,7.000000,8.020000,8.020000,816613
2016-04-13,8.020000,8.880000,8.000000,8.480000,8.480000,331212
2016-04-14,8.480000,8.610000,8.120000,8.220000,8.220000,182732
2016-04-15,8.220000,8.570000,8.150000,8.480000,8.480000,267873
2016-04-16,8.480000,9.990000,8.480000,9.450000,9.450000,763315
2016-04-17,9.450000,9.510000,8.460000,8.920000,8.920000,588238
2016-04-18,8.920000,9.250000,8.550000,8.770000,8.770000,471842
2016-04-19,8.770000,8.920000,8.350000,8.540000,8.540000,721266
2016-04-20,8.540000,8.700000,8.000000,8.150000,8.150000,357687
2016-04-21,8.150000,8.370000,7.660000,7.830000,7.830000,412692
2016-04-22,7.830000,8.540000,7.720000,8.310000,8.310000,329479
2016-04-23,8.310000,8.450000,7.820000,8.000000,8.000000,372438
2016-04-24,8.000000,8.100000,7.270000,7.430000,7.430000,786134
2016-04-25,7.430000,7.600000,7.100000,7.500000,7.500000,557777
2016-04-26,7.500000,7.990000,7.330000,7.770000,7.770000,383755
2016-04-27,7.770000,7.790000,7.250000,7.300000,7.300000,283192
2016-04-28,7.300000,7.720000,7.190000,7.510000,7.510000,212926
2016-04-29,7.510000,9.490000,7.460000,8.830000,8.830000,1391614
2016-04-30,8.830000,9.190000,8.420000,8.760000,8.760000,396806
2016-05-01,8.760000,10.430000,8.750000,10.030000,10.030000,1652336
2016-05-02,10.030000,10.170000,8.610000,9.370000,9.370000,846402
2016-05-03,9.370000,9.980000,9.210000,9.430000,9.430000,575918
2016-05-04,9.430000,9.970000,9.270000,9.790000,9.790000,575232
2016-05-05,9.790000,9.950000,9.090000,9.270000,9.270000,741537
2016-05-06,9.270000,9.450000,9.090000,9.300000,9.300000,245436
2016-05-07,9.300000,9.540000,8.910000,9.440000,9.440000,486475
2016-05-08,9.440000,9.730000,9.170000,9.320000,9.320000,401181
2016-05-09,9.320000,9.500000,9.220000,9.390000,9.390000,212391
2016-05-10,9.390000,10.010000,9.370000,9.970000,9.970000,756859
2016-05-11,9.970000,10.570000,9.790000,10.100000,10.100000,1270749
2016-05-12,10.100000,11.120000,10.040000,10.480000,10.480000,1097388
2016-05-13,10.480000,10.660000,9.740000,10.140000,10.140000,754171
2016-05-14,10.140000,10.470000,9.910000,9.940000,9.940000,413310
2016-05-15,9.940000,11.400000,9.930000,11.040000,11.040000,1547748
2016-05-16,11.040000,12.600000,11.030000,12.260000,12.260000,2752386
2016-05-17,12.260000,14.350000,12.110000,13.290000,13.290000,3335939
2016-05-18,13.290000,14.650000,13.020000,14.490000,14.490000,2927687
2016-05-19,14.490000,15.010000,13.360000,13.730000,13.730000,3107344
2016-05-20,13.730000,14.020000,12.910000,13.950000,13.950000,1546478
2016-05-21,13.950000,14.300000,13.770000,14.210000,14.210000,1270263
2016-05-22,14.210000,14.400000,13.320000,13.450000,13.450000,1734447
2016-05-23,13.450000,13.810000,11.900000,12.620000,12.620000,2893203
2016-05-24,12.620000,12.900000,11.820000,12.530000,12.530000,1826871
2016-05-25,12.530000,12.910000,12.040000,12.370000,12.370000,1301320
2016-05-26,12.370000,12.330000,10.390000,11.110000,11.110000,3679168
2016-05-27,11.110000,12.220000,10.340000,11.560000,11.560000,3181224
2016-05-28,11.560000,12.430000,11.370000,12.280000,12.280000,2228732
2016-05-29,12.280000,12.760000,12.030000,12.480000,12.480000,1065248
2016-05-30,12.480000,14.280000,12.430000,13.850000,13.850000,3515815
2016-05-31,13.850000,14.260000,13.400000,13.830000,13.830000,2302485
2016-06-01,13.830000,14.080000,13.620000,13.780000,13.780000,1184334
2016-06-02,13.780000,14.320000,13.170000,13.780000,13.780000,1686482
2016-06-03,13.780000,13.910000,13.330000,13.660000,13.660000,1165878
2016-06-04,13.660000,13.900000,13.490000,13.850000,13.850000,576616
2016-06-05,13.850000,14.040000,13.710000,13.960000,13.960000,913782
2016-06-06,13.960000,14.550000,13.770000,14.410000,14.410000,1831555
2016-06-07,14.410000,14.760000,14.300000,14.440000,14.440000,2132214
2016-06-08,14.440000,14.730000,14.370000,14.490000,14.490000,692699
2016-06-09,14.490000,14.520000,13.740000,13.970000,13.970000,1773836
2016-06-10,13.970000,14.170000,13.760000,14.010000,14.010000,799325
2016-06-11,14.010000,15.600000,13.910000,15.570000,15.570000,4346663
2016-06-12,15.570000,17.600000,15.330000,17.549999,17.549999,7459518
2016-06-13,17.549999,19.170000,16.340000,18.700001,18.700001,11077976
2016-06-14,18.700001,18.790001,17.510000,18.299999,18.299999,3960403
2016-06-15,18.299999,21.350000,18.209999,20.610001,20.610001,10598002
2016-06-16,20.610001,21.389999,13.440000,15.490000,15.490000,38835782
2016-06-17,15.490000,15.530000,9.940000,11.360000,11.360000,20282268
2016-06-18,11.360000,13.530000,10.550000,12.330000,12.330000,7516494
2016-06-19,12.330000,12.610000,10.420000,11.700000,11.700000,7368783
2016-06-20,11.700000,12.760000,11.080000,12.710000,12.710000,5196251
2016-06-21,12.710000,15.900000,12.640000,13.210000,13.210000,20239842
2016-06-22,13.210000,13.910000,12.480000,13.580000,13.580000,5979901
2016-06-23,13.580000,14.800000,13.120000,14.250000,14.250000,5307462
2016-06-24,14.250000,14.620000,13.890000,14.280000,14.280000,2233332
2016-06-25,14.280000,14.330000,13.560000,13.820000,13.820000,1615035
2016-06-26,13.820000,14.430000,13.600000,14.040000,14.040000,1241424
2016-06-27,14.040000,14.140000,11.360000,12.150000,12.150000,7059267
2016-06-28,12.150000,12.980000,11.590000,12.760000,12.760000,3155698
2016-06-29,12.760000,12.820000,12.120000,12.400000,12.400000,1682614
2016-06-30,12.400000,12.550000,11.650000,12.230000,12.230000,2146235
2016-07-01,12.230000,12.300000,11.870000,12.040000,12.040000,837313
2016-07-02,12.040000,12.150000,11.560000,11.850000,11.850000,1270392
2016-07-03,11.850000,11.880000,10.670000,11.340000,11.340000,1827745
2016-07-04,11.340000,11.410000,8.980000,10.450000,10.450000,6584753
2016-07-05,10.450000,11.070000,10.160000,10.510000,10.510000,2068628
2016-07-06,10.510000,10.600000,9.690000,10.070000,10.070000,1889826
2016-07-07,10.070000,11.670000,9.960000,11.300000,11.300000,3259343
2016-07-08,11.300000,11.500000,10.680000,10.920000,10.920000,2172756
2016-07-09,10.920000,11.140000,10.770000,10.970000,10.970000,542703
2016-07-10,10.970000,11.030000,10.100000,10.580000,10.580000,1754036
2016-07-11,10.580000,10.840000,10.430000,10.540000,10.540000,987728
2016-07-12,10.540000,10.670000,10.390000,10.440000,10.440000,836101
2016-07-13,10.440000,11.690000,10.370000,11.550000,11.550000,3803996
2016-07-14,11.550000,12.640000,11.400000,11.880000,11.880000,5989467
2016-07-15,11.880000,12.120000,11.500000,11.590000,11.590000,1741687
2016-07-16,11.590000,11.730000,10.900000,11.190000,11.190000,4958378
2016-07-17,11.190000,11.660000,10.900000,11.030000,11.030000,2657743
2016-07-18,11.030000,12.100000,10.950000,11.630000,11.630000,4055734
2016-07-19,11.630000,13.000000,11.400000,12.540000,12.540000,11258732
2016-07-20,12.540000,12.920000,12.020000,12.660000,12.660000,5314646
2016-07-21,12.660000,15.060000,12.570000,14.820000,14.820000,14161594
2016-07-22,14.820000,15.270000,13.990000,14.400000,14.400000,7061906
2016-07-23,14.400000,14.680000,12.150000,12.630000,12.630000,13418374
2016-07-24,12.630000,13.880000,12.590000,13.840000,13.840000,5674967
2016-07-25,13.840000,13.900000,11.740000,12.080000,12.080000,10981872
2016-07-26,12.080000,13.520000,11.730000,13.050000,13.050000,5077547
2016-07-27,13.050000,13.080000,12.480000,12.870000,12.870000,3121650
2016-07-28,12.870000,12.930000,12.560000,12.870000,12.870000,2029034
2016-07-29,12.870000,12.880000,12.530000,12.570000,12.570000,2030259
2016-07-30,12.570000,12.560000,11.540000,11.860000,11.860000,3358462
2016-07-31,11.860000,12.050000,10.150000,11.040000,11.040000,3610696
2016-08-01,11.040000,11.200000,7.030000,8.300000,8.300000,10863339
2016-08-02,8.300000,10.640000,8.090000,10.420000,10.420000,4834647
2016-08-03,10.420000,11.530000,10.250000,11.210000,11.210000,2985961
2016-08-04,11.210000,11.320000,10.730000,11.050000,11.050000,1126449
2016-08-05,11.050000,11.090000,10.340000,10.950000,10.950000,1043336
2016-08-06,10.950000,11.130000,10.760000,10.980000,10.980000,1377540
2016-08-07,10.980000,11.490000,10.830000,11.290000,11.290000,2281375
2016-08-08,11.290000,12.430000,11.170000,12.220000,12.220000,4071702
2016-08-09,12.220000,12.670000,11.860000,12.220000,12.220000,5255819
2016-08-10,12.220000,12.350000,11.590000,11.680000,11.680000,3016560
2016-08-11,11.680000,12.040000,11.580000,11.780000,11.780000,2065414
2016-08-12,11.780000,11.830000,11.490000,11.560000,11.560000,1193514
2016-08-13,11.560000,11.710000,11.080000,11.210000,11.210000,1638525
2016-08-14,11.210000,11.430000,10.970000,11.210000,11.210000,1373317
2016-08-15,11.210000,11.430000,10.980000,11.170000,11.170000,1261077
2016-08-16,11.170000,11.230000,10.710000,10.770000,10.770000,2530514
2016-08-17,10.770000,11.070000,10.740000,10.770000,10.770000,1436468
2016-08-18,10.770000,10.850000,10.640000,10.710000,10.710000,977152
2016-08-19,10.710000,11.350000,10.680000,11.280000,11.280000,1576304
2016-08-20,11.280000,11.310000,10.960000,11.140000,11.140000,548398
2016-08-21,11.140000,11.370000,11.040000,11.070000,11.070000,1196884
2016-08-22,11.070000,11.220000,10.870000,11.010000,11.010000,1117682
2016-08-23,11.010000,11.170000,10.920000,11.010000,11.010000,739274
2016-08-24,11.010000,11.360000,10.980000,11.350000,11.350000,1230358
2016-08-25,11.350000,11.440000,11.190000,11.260000,11.260000,847110
2016-08-26,11.260000,11.290000,11.150000,11.190000,11.190000,485209
2016-08-27,11.190000,11.210000,10.980000,10.990000,10.990000,793760
2016-08-28,10.990000,11.160000,10.770000,10.950000,10.950000,1106816
2016-08-29,10.950000,11.300000,10.940000,11.210000,11.210000,967365
2016-08-30,11.210000,11.740000,11.140000,11.550000,11.550000,1283480
2016-08-31,11.550000,12.600000,11.550000,12.210000,12.210000,3084388
2016-09-01,12.210000,12.370000,11.920000,12.080000,12.080000,1731750
2016-09-02,12.080000,12.410000,11.550000,11.850000,11.850000,1552172
2016-09-03,11.850000,11.930000,11.490000,11.710000,11.710000,912660
2016-09-04,11.710000,11.830000,11.590000,11.750000,11.750000,508640
2016-09-05,11.750000,11.760000,11.450000,11.700000,11.700000,870183
2016-09-06,11.700000,11.860000,11.500000,11.590000,11.590000,704039
2016-09-07,11.590000,11.720000,11.290000,11.390000,11.390000,1182869
2016-09-08,11.390000,11.760000,11.290000,11.720000,11.720000,1395640
2016-09-09,11.720000,12.060000,11.490000,12.050000,12.050000,1011883
2016-09-10,12.050000,12.200000,11.580000,11.640000,11.640000,1253034
2016-09-11,11.640000,11.960000,11.620000,11.890000,11.890000,724255
2016-09-12,11.890000,12.140000,11.820000,11.920000,11.920000,3108044
2016-09-13,11.920000,12.060000,11.760000,11.970000,11.970000,1189503
2016-09-14,11.970000,12.140000,11.890000,11.960000,11.960000,1642142
2016-09-15,11.960000,12.810000,11.890000,12.610000,12.610000,2298783
2016-09-16,12.610000,12.920000,12.430000,12.830000,12.830000,874551
2016-09-17,12.830000,13.000000,12.210000,12.390000,12.390000,2999604
2016-09-18,12.390000,13.160000,12.360000,12.930000,12.930000,1570880
2016-09-19,12.930000,14.750000,12.920000,14.720000,14.720000,4649566
2016-09-20,14.720000,14.840000,13.180000,13.720000,13.720000,3597165
2016-09-21,13.720000,13.840000,12.370000,13.110000,13.110000,3037294
2016-09-22,13.110000,13.460000,13.080000,13.360000,13.360000,1001985
2016-09-23,13.360000,13.400000,12.630000,12.910000,12.910000,1202185
2016-09-24,12.910000,13.170000,12.790000,13.050000,13.050000,565459
2016-09-25,13.050000,13.160000,12.800000,12.890000,12.890000,783983
2016-09-26,12.890000,13.300000,12.830000,13.090000,13.090000,1086159
2016-09-27,13.090000,13.560000,13.060000,13.300000,13.300000,1122919
2016-09-28,13.300000,13.380000,13.090000,13.170000,13.170000,878164
2016-09-29,13.170000,13.390000,13.060000,13.240000,13.240000,889551
2016-09-30,13.240000,13.300000,13.070000,13.210000,13.210000,824667
2016-10-01,13.210000,13.300000,13.150000,13.230000,13.230000,631029
2016-10-02,13.230000,13.510000,13.180000,13.450000,13.450000,922433
2016-10-03,13.450000,13.560000,13.230000,13.320000,13.320000,1307651
2016-10-04,13.320000,13.440000,13.090000,13.090000,13.090000,1087377
2016-10-05,13.090000,13.190000,12.660000,12.870000,12.870000,1424912
2016-10-06,12.870000,13.080000,12.500000,12.680000,12.680000,1313504
2016-10-07,12.680000,12.760000,12.040000,12.240000,12.240000,1494626
2016-10-08,12.240000,12.410000,11.970000,12.060000,12.060000,1339556
2016-10-09,12.060000,12.150000,11.600000,11.740000,11.740000,2039638
2016-10-10,11.740000,12.230000,11.700000,11.750000,11.750000,1355534
2016-10-11,11.750000,12.090000,11.680000,11.770000,11.770000,1348844
2016-10-12,11.770000,12.100000,11.740000,12.020000,12.020000,1210242
2016-10-13,12.020000,12.060000,11.840000,11.900000,11.900000,794319
2016-10-14,11.900000,11.980000,11.760000,11.960000,11.960000,625037
2016-10-15,11.960000,12.040000,11.870000,11.930000,11.930000,425194
2016-10-16,11.930000,12.000000,11.820000,11.980000,11.980000,921893
2016-10-17,11.980000,12.920000,11.930000,12.500000,12.500000,2086531
2016-10-18,12.500000,12.650000,11.880000,11.980000,11.980000,1413674
2016-10-19,11.980000,12.260000,11.930000,12.050000,12.050000,884658
2016-10-20,12.050000,12.130000,11.970000,12.070000,12.070000,396002
2016-10-21,12.070000,12.160000,11.900000,12.060000,12.060000,577127
2016-10-22,12.060000,12.090000,11.900000,11.950000,11.950000,500515
2016-10-23,11.950000,12.020000,11.890000,11.930000,11.930000,676684
2016-10-24,11.930000,11.960000,11.080000,11.380000,11.380000,2217209
2016-10-25,11.380000,11.690000,11.290000,11.500000,11.500000,906595
2016-10-26,11.500000,11.570000,11.210000,11.430000,11.430000,1185604
2016-10-27,11.430000,11.600000,10.930000,11.080000,11.080000,1744841
2016-10-28,11.080000,11.250000,9.420000,10.390000,10.390000,3189413
2016-10-29,10.390000,11.420000,10.280000,11.220000,11.220000,1221192
2016-10-31,11.220000,11.640000,10.860000,10.910000,10.910000,1472033
2016-11-01,10.910000,11.190000,10.320000,10.750000,10.750000,2120518
2016-11-02,10.750000,11.160000,10.690000,10.820000,10.820000,1354204
2016-11-03,10.820000,11.120000,10.710000,10.860000,10.860000,1572227
2016-11-04,10.860000,11.150000,10.800000,11.130000,11.130000,884314
2016-11-05,11.130000,11.210000,10.980000,11.110000,11.110000,457396
2016-11-06,11.110000,11.160000,10.890000,10.970000,10.970000,485095
2016-11-07,10.970000,11.040000,10.850000,10.900000,10.900000,782734
2016-11-08,10.900000,11.010000,10.790000,10.860000,10.860000,998744
2016-11-09,10.860000,10.830000,10.160000,10.640000,10.640000,1986925
2016-11-10,10.640000,10.730000,10.440000,10.520000,10.520000,443281
2016-11-11,10.520000,10.670000,10.190000,10.290000,10.290000,775064
2016-11-12,10.290000,10.340000,9.640000,9.960000,9.960000,1155624
2016-11-13,9.960000,10.380000,9.680000,10.130000,10.130000,810621
2016-11-14,10.130000,10.170000,9.900000,10.000000,10.000000,565262
2016-11-15,10.000000,10.320000,9.810000,10.220000,10.220000,796438
2016-11-16,10.220000,10.380000,9.850000,10.010000,10.010000,1257139
2016-11-17,10.010000,10.140000,9.810000,9.950000,9.950000,1108257
2016-11-18,9.950000,9.990000,9.420000,9.530000,9.530000,1198775
2016-11-19,9.530000,9.760000,9.450000,9.700000,9.700000,664066
2016-11-20,9.700000,9.760000,9.500000,9.570000,9.570000,486220
2016-11-21,9.570000,9.650000,9.430000,9.560000,9.560000,450573
2016-11-22,9.560000,10.250000,9.510000,9.840000,9.840000,1239793
2016-11-23,9.840000,9.930000,9.710000,9.780000,9.780000,456302
2016-11-24,9.780000,9.820000,8.690000,9.220000,9.220000,1867383
2016-11-25,9.220000,9.750000,9.170000,9.390000,9.390000,716441
2016-11-26,9.390000,9.490000,9.250000,9.340000,9.340000,293525
2016-11-27,9.340000,9.340000,8.640000,8.910000,8.910000,1353644
2016-11-28,8.910000,9.040000,8.560000,8.660000,8.660000,883086
2016-11-29,8.660000,8.710000,7.800000,8.180000,8.180000,2178363
2016-11-30,8.180000,8.730000,8.070000,8.590000,8.590000,1370387
2016-12-01,8.590000,8.670000,8.270000,8.440000,8.440000,830842
2016-12-02,8.440000,8.440000,7.300000,7.650000,7.650000,3086902
2016-12-03,7.650000,8.130000,7.440000,7.900000,7.900000,1424715
2016-12-04,7.900000,7.920000,7.420000,7.540000,7.540000,728686
2016-12-05,7.540000,7.600000,6.530000,6.690000,6.690000,2211620
2016-12-06,6.690000,7.800000,5.970000,7.610000,7.610000,4244346
2016-12-07,7.610000,8.550000,7.390000,8.350000,8.350000,1716783
2016-12-08,8.350000,8.900000,8.190000,8.300000,8.300000,1798741
2016-12-09,8.300000,8.640000,7.980000,8.520000,8.520000,1200256
2016-12-10,8.520000,8.580000,8.010000,8.090000,8.090000,862005
2016-12-11,8.090000,8.250000,8.060000,8.200000,8.200000,424995
2016-12-12,8.200000,8.600000,8.150000,8.450000,8.450000,1036639
2016-12-13,8.450000,8.540000,8.310000,8.400000,8.400000,588447
2016-12-14,8.400000,8.470000,8.200000,8.230000,8.230000,572590
2016-12-15,8.230000,8.280000,7.670000,7.760000,7.760000,1657356
2016-12-16,7.760000,7.940000,7.750000,7.850000,7.850000,545242
2016-12-17,7.850000,7.870000,7.470000,7.660000,7.660000,931231
2016-12-18,7.660000,7.940000,7.660000,7.890000,7.890000,596318
2016-12-19,7.890000,7.920000,7.570000,7.610000,7.610000,561539
2016-12-20,7.610000,7.760000,7.540000,7.590000,7.590000,535548
2016-12-21,7.590000,7.960000,7.570000,7.870000,7.870000,871421
2016-12-22,7.870000,7.920000,7.480000,7.640000,7.640000,1484702
2016-12-23,7.640000,7.640000,7.050000,7.160000,7.160000,1661753
2016-12-24,7.160000,7.440000,7.020000,7.230000,7.230000,536182
2016-12-25,7.230000,7.310000,7.100000,7.190000,7.190000,417117
2016-12-26,7.190000,7.300000,6.980000,7.210000,7.210000,544580
2016-12-27,7.210000,7.340000,7.030000,7.150000,7.150000,652961
2016-12-28,7.150000,7.720000,7.030000,7.570000,7.570000,1766689
2016-12-29,7.570000,8.510000,7.490000,8.210000,8.210000,3493858
2016-12-30,8.210000,8.480000,7.990000,8.160000,8.160000,1329431
2016-12-31,8.160000,8.230000,7.920000,8.050000,8.050000,1105687
2017-01-01,8.050000,8.540000,8.020000,8.140000,8.140000,1347147
2017-01-02,8.140000,8.470000,8.030000,8.330000,8.330000,1292250
2017-01-03,8.330000,9.940000,8.180000,9.590000,9.590000,5292231
2017-01-04,9.590000,10.890000,9.310000,10.880000,10.880000,7005140
2017-01-05,10.880000,11.630000,9.070000,10.200000,10.200000,9120265
2017-01-06,10.200000,10.420000,9.440000,10.070000,10.070000,3477359
2017-01-07,10.070000,10.120000,9.470000,9.780000,9.780000,1942619
2017-01-08,9.780000,10.390000,9.670000,10.270000,10.270000,1933043
2017-01-09,10.270000,10.750000,10.030000,10.200000,10.200000,2324307
2017-01-10,10.200000,10.680000,10.230000,10.550000,10.550000,1592370
2017-01-11,10.550000,10.720000,9.490000,9.830000,9.830000,3510206
2017-01-12,9.830000,10.230000,9.140000,9.810000,9.810000,2340175
2017-01-13,9.810000,9.900000,9.470000,9.780000,9.780000,1201195
2017-01-14,9.780000,9.910000,9.630000,9.780000,9.780000,610220
2017-01-15,9.780000,9.990000,9.730000,9.880000,9.880000,466935
2017-01-16,9.880000,10.120000,9.550000,9.590000,9.590000,857365
2017-01-17,9.590000,10.530000,9.560000,10.140000,10.140000,2847715
2017-01-18,10.140000,10.460000,9.910000,10.190000,10.190000,1986053
2017-01-19,10.190000,10.520000,10.170000,10.430000,10.430000,1181087
2017-01-20,10.430000,10.750000,10.310000,10.600000,10.600000,1630007
2017-01-21,10.600000,11.000000,10.540000,10.910000,10.910000,1663670
2017-01-22,10.910000,11.010000,10.600000,10.710000,10.710000,1443235
2017-01-23,10.710000,10.960000,10.630000,10.780000,10.780000,1035512
2017-01-24,10.780000,10.870000,10.490000,10.510000,10.510000,1330265
2017-01-25,10.510000,10.650000,10.400000,10.510000,10.510000,864774
2017-01-26,10.510000,10.670000,10.480000,10.650000,10.650000,940417
2017-01-27,10.650000,10.670000,10.410000,10.510000,10.510000,1060899
2017-01-28,10.510000,10.570000,10.440000,10.540000,10.540000,764915
2017-01-29,10.540000,10.560000,10.440000,10.470000,10.470000,412832
2017-01-30,10.470000,10.770000,10.420000,10.620000,10.620000,1369992
2017-01-31,10.620000,10.800000,10.530000,10.710000,10.710000,2020510
2017-02-01,10.710000,10.870000,10.530000,10.710000,10.710000,2367496
2017-02-02,10.710000,10.920000,10.570000,10.780000,10.780000,2738130
2017-02-03,10.780000,10.950000,10.550000,10.950000,10.950000,2590189
2017-02-04,10.950000,11.400000,10.880000,11.320000,11.320000,2507121
2017-02-05,11.320000,11.390000,11.100000,11.220000,11.220000,904300
2017-02-06,11.220000,11.390000,11.180000,11.320000,11.320000,970692
2017-02-07,11.320000,11.550000,11.260000,11.450000,11.450000,1481700
2017-02-08,11.450000,11.600000,11.110000,11.390000,11.390000,1842031
2017-02-09,11.390000,11.490000,10.530000,10.940000,10.940000,3312153
2017-02-10,10.940000,11.440000,10.810000,11.340000,11.340000,1955534
2017-02-11,11.340000,11.450000,11.280000,11.430000,11.430000,1131595
2017-02-12,11.430000,11.490000,11.340000,11.420000,11.420000,679904
2017-02-13,11.420000,11.490000,11.190000,11.390000,11.390000,1044736
2017-02-14,11.390000,14.050000,11.320000,13.000000,13.000000,8633943
2017-02-15,13.000000,13.680000,12.630000,12.970000,12.970000,3998609
2017-02-16,12.970000,13.060000,12.640000,12.950000,12.950000,26181931
2017-02-17,12.950000,12.940000,12.680000,12.720000,12.720000,2015038
2017-02-18,12.720000,12.890000,12.710000,12.830000,12.830000,1270318
2017-02-19,12.830000,12.920000,12.740000,12.820000,12.820000,1028415
2017-02-20,12.820000,12.900000,12.480000,12.520000,12.520000,1980817
2017-02-21,12.520000,12.840000,12.250000,12.770000,12.770000,2738193
2017-02-22,12.770000,12.900000,12.620000,12.690000,12.690000,1724079
2017-02-23,12.690000,13.300000,12.640000,13.130000,13.130000,2869257
2017-02-24,13.130000,13.290000,12.720000,13.110000,13.110000,3472766
2017-02-25,13.110000,13.780000,12.970000,13.570000,13.570000,3554709
2017-02-26,13.570000,14.650000,13.370000,14.590000,14.590000,4621619
2017-02-27,14.590000,16.090000,14.300000,15.550000,15.550000,8252909
2017-02-28,15.550000,16.750000,15.190000,16.070000,16.070000,19857331
2017-03-01,16.070000,17.650000,15.680000,17.549999,17.549999,13731714
2017-03-02,17.549999,19.639999,16.580000,19.080000,19.080000,19994584
2017-03-03,19.080000,21.059999,17.809999,19.480000,19.480000,24152328
2017-03-04,19.480000,20.190001,18.559999,18.610001,18.610001,7413157
2017-03-05,18.610001,19.400000,18.100000,19.219999,19.219999,5782306
2017-03-06,19.219999,20.299999,19.000000,19.750000,19.750000,10247940
2017-03-07,19.750000,19.809999,18.520000,18.910000,18.910000,11143090
2017-03-08,18.910000,18.930000,16.510000,16.540001,16.540001,13176714
2017-03-09,16.540001,18.129999,15.940000,17.709999,17.709999,9124768
2017-03-10,17.709999,19.680000,16.570000,19.129999,19.129999,25211751
2017-03-11,19.129999,21.639999,18.719999,21.450001,21.450001,16305702
2017-03-12,21.450001,23.809999,21.200001,23.309999,23.309999,18139890
2017-03-13,23.309999,31.040001,23.299999,28.450001,28.450001,62404918
2017-03-14,28.450001,29.879999,26.910000,28.580000,28.580000,20686242
2017-03-15,28.580000,35.320000,28.309999,35.180000,35.180000,41558801
2017-03-16,35.180000,46.549999,34.759998,45.509998,45.509998,110340100
2017-03-17,45.509998,54.880001,34.549999,44.480000,44.480000,126403905
2017-03-18,44.480000,45.240002,30.629999,34.000000,34.000000,78375178
2017-03-19,34.000000,45.549999,33.400002,43.119999,43.119999,66179861
2017-03-20,43.119999,45.509998,40.930000,42.509998,42.509998,36051939
2017-03-21,42.509998,43.799999,41.680000,42.669998,42.669998,20719388
2017-03-22,42.669998,42.939999,38.560001,41.650002,41.650002,24709533
2017-03-23,41.650002,44.259998,40.590000,43.200001,43.200001,23891682
2017-03-24,43.200001,53.740002,42.770000,53.189999,53.189999,73808171
2017-03-25,53.189999,53.590000,47.619999,50.619999,50.619999,54975694
2017-03-26,50.619999,51.680000,48.450001,50.630001,50.630001,23147171
2017-03-26,50.630001,51.720001,48.330002,49.060001,49.060001,24298571
2017-03-27,49.060001,50.549999,48.500000,50.250000,50.250000,22561201
2017-03-28,50.250000,53.970001,50.080002,53.070000,53.070000,38472526
2017-03-29,53.070000,53.630001,51.360001,51.910000,51.910000,21489377
2017-03-30,51.910000,52.220001,46.830002,49.910000,49.910000,37271970
2017-03-31,49.910000,51.770000,48.650002,50.599998,50.599998,16332366
2017-04-01,50.599998,51.150002,47.580002,48.549999,48.549999,29315614
2017-04-02,48.549999,48.759998,42.490002,44.130001,44.130001,44841678
2017-04-03,44.130001,45.970001,41.279999,44.430000,44.430000,30705300
2017-04-04,44.430000,47.490002,44.119999,44.900002,44.900002,21702217
2017-04-05,44.900002,45.869999,40.990002,43.230000,43.230000,23956305
2017-04-06,43.230000,44.580002,41.580002,42.310001,42.310001,12658079
2017-04-07,42.310001,45.770000,42.169998,44.369999,44.369999,12638180
2017-04-08,44.369999,44.730000,42.790001,43.720001,43.720001,7984771
2017-04-09,43.720001,44.570000,42.490002,43.740002,43.740002,9252478
2017-04-10,43.740002,44.430000,43.470001,43.740002,43.740002,6477981
2017-04-11,43.740002,47.889999,43.259998,46.380001,46.380001,22030599
2017-04-12,46.380001,51.040001,46.139999,49.970001,49.970001,28170249
2017-04-13,49.970001,50.099998,46.529999,47.320000,47.320000,15807873
2017-04-14,47.320000,62.029999,46.889999,48.889999,48.889999,10687561
2017-04-15,48.889999,49.230000,47.540001,48.220001,48.220001,4563693
2017-04-16,48.220001,48.529999,47.570000,47.939999,47.939999,8322156
2017-04-17,47.939999,50.250000,47.750000,49.880001,49.880001,22065841
2017-04-18,49.880001,50.500000,46.860001,47.880001,47.880001,19057555
2017-04-19,47.880001,49.560001,47.509998,49.360001,49.360001,15519870
2017-04-20,49.360001,49.459999,48.090000,48.270000,48.270000,9824903
2017-04-21,48.270000,48.939999,47.980000,48.410000,48.410000,7451077
2017-04-22,48.410000,48.919998,47.910000,48.750000,48.750000,8709584
2017-04-23,48.750000,50.410000,48.720001,49.939999,49.939999,12211894
2017-04-24,49.939999,50.610001,49.790001,50.090000,50.090000,8566119
2017-04-25,50.090000,54.610001,50.009998,53.279999,53.279999,28727738
2017-04-26,53.279999,63.419998,52.430000,63.139999,63.139999,45226868
2017-04-27,63.139999,73.849998,62.080002,72.419998,72.419998,71238627
2017-04-28,72.419998,74.029999,67.620003,69.830002,69.830002,38785700
2017-04-29,69.830002,81.260002,69.279999,79.830002,79.830002,45723362
2017-04-30,79.830002,83.870003,71.459999,77.529999,77.529999,99260395
2017-05-01,77.529999,81.239998,74.639999,77.250000,77.250000,43090049
2017-05-02,77.250000,80.959999,75.400002,80.370003,80.370003,38833085
2017-05-03,80.370003,95.309998,79.339996,94.550003,94.550003,84572615
2017-05-04,94.550003,97.660004,87.110001,90.790001,90.790001,72828175
2017-05-05,90.790001,95.599998,90.559998,94.820000,94.820000,30584898
2017-05-06,94.820000,96.370003,62.740002,90.459999,90.459999,45495746
2017-05-07,90.459999,93.449997,80.930000,88.389999,88.389999,50131802
2017-05-08,88.389999,89.580002,75.070000,86.269997,86.269997,63784971
2017-05-09,86.269997,91.320000,84.989998,87.830002,87.830002,28478144
2017-05-10,87.830002,90.550003,85.769997,88.199997,88.199997,32402025
2017-05-11,88.199997,90.570000,83.150002,85.150002,85.150002,37700850
2017-05-12,85.150002,88.589996,81.809998,87.959999,87.959999,18579547
2017-05-13,87.959999,89.699997,86.330002,88.720001,88.720001,14701160
2017-05-14,88.720001,94.300003,86.750000,90.320000,90.320000,50259306
2017-05-15,90.320000,92.180000,85.680000,87.800003,87.800003,38782037
2017-05-16,87.800003,89.400002,81.989998,86.980003,86.980003,39565758
2017-05-17,86.980003,96.099998,86.690002,95.879997,95.879997,46394766
2017-05-18,95.879997,129.470001,95.730003,124.379997,124.379997,130687977
2017-05-19,124.379997,129.070007,120.610001,123.059998,123.059998,63750018
2017-05-20,123.059998,148.600006,121.720001,148.000000,148.000000,110402028
2017-05-21,148.000000,181.460007,133.380005,160.389999,160.389999,274191653
2017-05-22,160.389999,176.039993,155.059998,169.500000,169.500000,114242328
2017-05-23,169.500000,201.149994,167.809998,193.029999,193.029999,175438578
2017-05-24,193.029999,216.100006,160.860001,177.330002,177.330002,238787495
2017-05-25,177.330002,197.669998,141.559998,162.830002,162.830002,180297613
2017-05-26,162.830002,169.619995,114.169998,156.630005,156.630005,220037050
2017-05-27,156.509995,182.360001,156.509995,172.860001,172.860001,127225150
2017-05-28,172.860001,197.740005,165.360001,194.169998,194.169998,117364507
2017-05-29,194.169998,232.080002,185.830002,228.580002,228.580002,259513540
2017-05-30,228.580002,233.919998,214.050003,228.639999,228.639999,225740686
2017-05-31,228.639999,235.520004,208.000000,220.699997,220.699997,188744370
2017-06-01,220.699997,227.710007,216.940002,222.039993,222.039993,89635792
2017-06-02,222.039993,226.410004,218.789993,224.300003,224.300003,55938007
2017-06-03,224.300003,249.339996,223.880005,244.960007,244.960007,123696111
2017-06-04,244.960007,248.619995,241.500000,247.750000,247.750000,83061054
2017-06-05,247.750000,268.119995,246.500000,264.260010,264.260010,189040588
2017-06-06,264.260010,264.799988,246.169998,255.770004,255.770004,115588722
2017-06-07,255.770004,260.769989,250.889999,259.410004,259.410004,90124852
2017-06-08,259.410004,279.140015,259.359985,279.109985,279.109985,121471877
2017-06-09,279.109985,351.820007,278.790009,335.950012,335.950012,286877358
2017-06-10,335.950012,351.209991,314.390015,339.679993,339.679993,215135870
2017-06-11,339.679993,417.209991,311.989990,394.660004,394.660004,549683393
2017-06-12,394.660004,399.500000,359.700012,388.089996,388.089996,260123720
2017-06-13,388.089996,393.619995,317.230011,343.839996,343.839996,348212541
2017-06-14,343.839996,351.940002,260.779999,344.679993,344.679993,602112721
2017-06-15,344.679993,360.839996,316.829987,353.609985,353.609985,223997348
2017-06-16,353.609985,368.329987,342.850006,368.100006,368.100006,134453789
2017-06-17,368.100006,379.170013,341.290009,351.529999,351.529999,162855868
2017-06-18,351.529999,361.500000,348.660004,358.200012,358.200012,106180717
2017-06-19,358.200012,365.220001,323.690002,350.529999,350.529999,201343473
2017-06-20,350.529999,352.829987,138.500000,325.299988,325.299988,305462617
2017-06-21,325.299988,333.399994,308.209991,320.970001,320.970001,155828144
2017-06-22,320.970001,331.529999,319.619995,326.850006,326.850006,78597250
2017-06-23,326.850006,330.279999,298.730011,304.540009,304.540009,114491120
2017-06-24,304.540009,309.980011,253.300003,279.359985,279.359985,222961091
2017-06-25,279.359985,293.549988,209.550003,253.679993,253.679993,444174618
2017-06-26,253.679993,286.640015,211.470001,286.140015,286.140015,346738914
2017-06-27,286.140015,323.869995,260.890015,315.859985,315.859985,366875067
2017-06-28,315.859985,322.279999,285.890015,292.899994,292.899994,249819374
2017-06-29,292.899994,305.299988,270.429993,280.679993,280.679993,205409173
2017-06-30,280.679993,281.809998,253.179993,261.000000,261.000000,214127111
2017-07-01,261.000000,293.299988,254.190002,283.989990,283.989990,189730463
2017-07-02,283.989990,284.309998,272.640015,276.410004,276.410004,139887958
2017-07-03,276.410004,282.320007,265.209991,269.049988,269.049988,141480666
2017-07-04,269.049988,274.029999,253.699997,266.000000,266.000000,162838117
2017-07-05,266.000000,274.549988,261.570007,265.880005,265.880005,106470793
2017-07-06,265.880005,266.250000,236.160004,240.940002,240.940002,171183446
2017-07-07,240.940002,248.350006,230.960007,245.669998,245.669998,139823006
2017-07-08,245.669998,251.789993,236.589996,237.720001,237.720001,76538488
2017-07-09,237.720001,240.089996,188.210007,205.759995,205.759995,274808713
2017-07-10,205.759995,216.160004,175.210007,190.550003,190.550003,368656185
2017-07-11,190.550003,227.059998,181.619995,224.149994,224.149994,289483936
2017-07-12,224.149994,226.660004,193.199997,205.410004,205.410004,196303864
2017-07-13,205.410004,207.070007,182.619995,197.139999,197.139999,181470096
2017-07-14,197.139999,198.710007,168.949997,169.100006,169.100006,176484014
2017-07-15,169.100006,171.910004,132.639999,155.419998,155.419998,374176884
2017-07-16,155.419998,190.259995,154.250000,189.970001,189.970001,352420261
2017-07-17,189.970001,256.890015,177.419998,227.089996,227.089996,642203465
2017-07-18,227.089996,244.020004,187.210007,194.410004,194.410004,576048989
2017-07-19,194.410004,235.860001,194.410004,226.330002,226.330002,504434488
2017-07-20,226.330002,236.619995,209.460007,216.330002,216.330002,233383296
2017-07-21,216.330002,236.550003,215.300003,230.470001,230.470001,151128752
2017-07-22,230.470001,234.169998,220.300003,228.320007,228.320007,128301932
2017-07-23,228.320007,229.559998,224.039993,225.479996,225.479996,90165893
2017-07-24,225.479996,225.979996,192.639999,203.589996,203.589996,285374761
2017-07-25,203.589996,209.289993,193.100006,202.880005,202.880005,161659275
2017-07-26,202.880005,205.679993,198.929993,202.929993,202.929993,102009361
2017-07-27,202.929993,203.929993,189.770004,191.210007,191.210007,123425467
2017-07-28,191.210007,209.570007,177.690002,206.139999,206.139999,192325102
2017-07-29,206.139999,209.880005,194.119995,196.779999,196.779999,110586575
2017-07-30,196.779999,201.779999,190.529999,201.330002,201.330002,103641349
2017-07-31,201.330002,232.550003,201.270004,225.899994,225.899994,314260050
2017-08-01,225.899994,228.979996,215.710007,218.119995,218.119995,122967812
2017-08-02,218.119995,228.080002,217.839996,224.389999,224.389999,93201219
2017-08-03,224.389999,227.449997,219.729996,220.600006,220.600006,87804496
2017-08-04,220.600006,258.470001,219.720001,253.089996,253.089996,251531536
2017-08-05,253.089996,272.220001,251.789993,264.559998,264.559998,219315844
2017-08-06,264.559998,274.390015,257.410004,269.940002,269.940002,158590573
2017-08-07,269.940002,299.549988,266.940002,296.510010,296.510010,229459233
2017-08-08,296.510010,314.750000,279.100006,295.279999,295.279999,439031586
2017-08-09,295.239990,310.179993,289.220001,298.279999,298.279999,173781086
2017-08-10,298.279999,310.359985,295.940002,309.320007,309.320007,146799311
2017-08-11,309.320007,319.140015,303.709991,308.019989,308.019989,198463746
2017-08-12,308.019989,308.869995,288.040009,296.619995,296.619995,209757139
2017-08-13,296.619995,306.299988,294.739990,299.160004,299.160004,138516552
2017-08-14,299.160004,299.709991,271.380005,286.519989,286.519989,209502360
2017-08-15,286.519989,303.290009,280.660004,301.380005,301.380005,143590085
2017-08-16,301.380005,310.429993,298.190002,300.299988,300.299988,141776697
2017-08-17,300.299988,306.519989,287.170013,292.619995,292.619995,155333057
2017-08-18,292.619995,298.790009,283.649994,293.019989,293.019989,133331931
2017-08-19,293.019989,298.779999,288.480011,298.200012,298.200012,86214711
2017-08-20,298.200012,345.440002,294.929993,321.850006,321.850006,371320147
2017-08-21,321.850006,329.390015,293.089996,313.369995,313.369995,255666010
2017-08-22,313.369995,325.100006,313.160004,317.399994,317.399994,136793702
2017-08-23,317.399994,328.649994,315.940002,325.279999,325.279999,113467892
2017-08-24,325.279999,337.239990,324.690002,330.059998,330.059998,142040413
2017-08-25,330.059998,334.700012,325.899994,332.859985,332.859985,70828266
2017-08-26,332.859985,347.920013,332.799988,347.880005,347.880005,113661914
2017-08-27,347.880005,350.500000,335.410004,347.660004,347.660004,155518324
2017-08-28,347.660004,375.179993,347.239990,372.350006,372.350006,245077133
2017-08-29,372.350006,390.640015,367.410004,383.859985,383.859985,247280361
2017-08-30,383.859985,389.640015,380.890015,388.329987,388.329987,129260777
2017-08-31,388.329987,395.299988,386.709991,391.420013,391.420013,192664622
2017-09-01,391.420013,392.040009,328.869995,351.029999,351.029999,392672123
2017-09-02,351.029999,370.500000,336.369995,352.450012,352.450012,220213614
2017-09-03,352.450012,352.450012,279.950012,303.700012,303.700012,518097340
2017-09-04,303.700012,324.369995,275.970001,317.940002,317.940002,285969365
2017-09-05,317.940002,341.769989,317.820007,338.920013,338.920013,207751167
2017-09-06,338.920013,338.920013,323.359985,335.369995,335.369995,145609934
2017-09-07,335.369995,335.390015,293.119995,306.720001,306.720001,307973324
2017-09-08,306.720001,309.070007,293.709991,303.790009,303.790009,127930167
2017-09-09,303.790009,305.760010,280.700012,299.209991,299.209991,179819553
2017-09-10,299.209991,308.299988,288.600006,297.950012,297.950012,149130023
2017-09-11,297.950012,316.380005,285.750000,294.100006,294.100006,212949898
2017-09-12,294.100006,294.390015,257.160004,275.839996,275.839996,328829086
2017-09-13,275.839996,280.649994,222.059998,223.139999,223.139999,448360655
2017-09-14,223.139999,267.700012,200.750000,259.570007,259.570007,601118554
2017-09-15,259.570007,272.429993,245.740005,254.490005,254.490005,213735353
2017-09-16,254.490005,265.779999,239.979996,258.399994,258.399994,129073620
2017-09-17,258.399994,300.690002,258.359985,297.529999,297.529999,316944028
2017-09-18,297.529999,299.910004,275.940002,283.000000,283.000000,211173075
2017-09-19,283.000000,293.739990,277.720001,283.559998,283.559998,119360306
2017-09-20,283.559998,287.130005,252.220001,257.769989,257.769989,213821119
2017-09-21,257.769989,270.739990,254.279999,262.940002,262.940002,128332019
2017-09-22,262.940002,286.720001,259.579987,286.140015,286.140015,111790766
2017-09-23,286.140015,294.540009,276.250000,282.600006,282.600006,129812958
2017-09-24,282.600006,297.010010,282.480011,294.890015,294.890015,125825077
2017-09-25,294.890015,295.890015,287.010010,288.640015,288.640015,77729398
2017-09-26,288.640015,312.640015,287.829987,309.970001,309.970001,155862803
2017-09-27,309.970001,310.239990,298.179993,302.769989,302.769989,116142194
2017-09-28,302.769989,303.540009,279.790009,292.579987,292.579987,189289895
2017-09-29,292.579987,305.910004,292.320007,302.769989,302.769989,82819424
2017-09-30,302.769989,304.790009,295.440002,303.950012,303.950012,66161942
2017-10-01,303.950012,304.130005,293.339996,296.809998,296.809998,87144370
2017-10-02,296.809998,299.920013,286.859985,291.809998,291.809998,88276884
2017-10-03,291.809998,295.570007,288.559998,291.679993,291.679993,67580849
2017-10-04,291.679993,297.470001,286.730011,294.989990,294.989990,59328523
2017-10-05,294.989990,309.000000,293.750000,308.329987,308.329987,80140194
2017-10-06,308.329987,314.119995,304.630005,311.260010,311.260010,83321062
2017-10-07,311.260010,313.519989,308.130005,309.489990,309.489990,67801593
2017-10-08,309.489990,310.140015,286.519989,296.950012,296.950012,140753204
2017-10-09,296.950012,305.950012,292.279999,298.459991,298.459991,80475858
2017-10-10,298.459991,305.119995,297.179993,302.859985,302.859985,67246675
2017-10-11,302.859985,308.769989,301.649994,302.890015,302.890015,130357482
2017-10-12,302.890015,347.700012,298.290009,336.829987,336.829987,325130767
2017-10-13,336.829987,347.140015,333.829987,338.809998,338.809998,118217861
2017-10-14,338.809998,341.929993,318.350006,336.579987,336.579987,154046243
2017-10-15,336.579987,352.390015,332.899994,334.230011,334.230011,170532984
2017-10-16,334.230011,334.420013,310.570007,316.140015,316.140015,133468389
2017-10-17,316.140015,316.339996,287.950012,313.540009,313.540009,164595270
2017-10-18,313.540009,316.380005,304.630005,307.410004,307.410004,92233614
2017-10-19,307.410004,312.109985,301.859985,303.079987,303.079987,91295399
2017-10-20,303.079987,303.089996,290.920013,299.549988,299.549988,91321527
2017-10-21,299.549988,305.890015,290.690002,294.029999,294.029999,67955886
2017-10-22,294.029999,294.250000,274.959991,285.269989,285.269989,121924456
2017-10-23,285.269989,311.230011,280.010010,296.500000,296.500000,165128705
2017-10-24,296.500000,300.359985,289.459991,296.350006,296.350006,72454123
2017-10-25,296.350006,299.369995,292.700012,295.540009,295.540009,47625722
2017-10-26,295.540009,298.899994,292.239990,296.359985,296.359985,45180916
2017-10-27,296.369995,297.049988,291.109985,293.350006,293.350006,41932396
2017-10-28,293.329987,311.299988,292.059998,304.040009,304.040009,107293933
2017-10-30,304.040009,311.940002,303.579987,306.799988,306.799988,57189166
2017-10-31,306.799988,310.859985,303.399994,303.640015,303.640015,65784953
2017-11-01,303.630005,304.769989,288.500000,289.420013,289.420013,121046164
2017-11-02,289.420013,293.029999,276.890015,284.920013,284.920013,200255173
2017-11-03,284.920013,307.140015,284.850006,304.510010,304.510010,144510264
2017-11-04,304.510010,304.649994,294.049988,300.040009,300.040009,82749431
2017-11-05,300.000000,300.649994,294.059998,296.230011,296.230011,63667315
2017-11-06,296.220001,306.799988,292.260010,296.820007,296.820007,112601694
2017-11-07,296.820007,303.760010,287.450012,291.839996,291.839996,155572238
2017-11-08,291.839996,319.200012,290.549988,307.350006,307.350006,245218193
2017-11-09,307.350006,329.209991,305.839996,319.660004,319.660004,207473774
2017-11-10,319.670013,324.220001,288.959991,296.859985,296.859985,242321395
2017-11-11,296.859985,320.049988,296.260010,314.230011,314.230011,163117794
2017-11-12,314.230011,317.220001,297.480011,306.019989,306.019989,269198764
2017-11-13,306.019989,318.579987,305.350006,314.600006,314.600006,174789178
2017-11-14,314.600006,337.149994,314.450012,334.720001,334.720001,256426287
2017-11-15,334.720001,345.179993,324.880005,331.200012,331.200012,171713343
2017-11-16,331.200012,334.850006,321.899994,330.320007,330.320007,157426941
2017-11-17,330.320007,334.549988,325.829987,331.720001,331.720001,124992568
2017-11-18,331.720001,349.459991,326.829987,346.649994,346.649994,141724984
2017-11-19,346.649994,371.320007,343.890015,354.600006,354.600006,225946121
2017-11-20,354.670013,372.820007,354.279999,367.709991,367.709991,167626773
2017-11-21,367.709991,372.869995,351.410004,360.519989,360.519989,251898109
2017-11-22,360.519989,381.609985,359.970001,380.839996,380.839996,164317320
2017-11-23,380.829987,424.920013,375.440002,406.570007,406.570007,414164352
2017-11-24,406.510010,478.380005,400.179993,470.429993,470.429993,394452948
2017-11-25,470.399994,483.380005,457.410004,464.609985,464.609985,301212841
2017-11-26,464.549988,471.500000,451.119995,470.540009,470.540009,172973289
2017-11-27,470.450012,489.429993,462.470001,475.239990,475.239990,319587125
2017-11-28,475.200012,478.459991,459.910004,466.269989,466.269989,258005286
2017-11-29,466.239990,515.440002,409.350006,427.420013,427.420013,619578824
2017-11-30,427.299988,460.809998,396.140015,434.850006,434.850006,438013592
2017-12-01,435.309998,467.220001,416.769989,461.579987,461.579987,259931075
2017-12-02,461.579987,471.390015,449.690002,457.959991,457.959991,214732551
2017-12-03,457.959991,481.559998,445.570007,462.809998,462.809998,237918665
2017-12-04,462.920013,472.160004,446.640015,466.929993,466.929993,189877684
2017-12-05,466.929993,467.839996,451.470001,453.959991,453.959991,227246572
2017-12-06,453.959991,456.869995,413.130005,422.480011,422.480011,470223347
2017-12-07,422.390015,434.850006,404.160004,421.149994,421.149994,416652301
2017-12-08,420.760010,461.100006,410.329987,451.739990,451.739990,479837604
2017-12-09,451.779999,507.359985,448.089996,472.859985,472.859985,522718280
2017-12-10,472.309998,472.779999,428.299988,436.489990,436.489990,307733091
2017-12-11,436.540009,519.349976,436.010010,513.289978,513.289978,359245523
2017-12-12,513.359985,678.250000,499.570007,656.520020,656.520020,997267993
2017-12-13,656.520020,755.070007,593.890015,699.090027,699.090027,1324617349
2017-12-14,699.090027,751.679993,662.289978,693.580017,693.580017,806129945
2017-12-15,693.580017,696.890015,614.330017,684.270020,684.270020,633348317
2017-12-16,684.090027,718.369995,678.520020,692.830017,692.830017,378863163
2017-12-17,692.320007,732.450012,691.950012,717.710022,717.710022,381124251
2017-12-18,717.729980,799.369995,679.799988,785.989990,785.989990,752383737
2017-12-19,786.169983,868.890015,767.590027,812.500000,812.500000,1094688835
2017-12-20,812.500000,830.200012,713.750000,799.169983,799.169983,889990388
2017-12-21,799.169983,840.549988,759.650024,789.390015,789.390015,725479885
2017-12-22,789.390015,794.159973,490.279999,657.830017,657.830017,1535685091
2017-12-23,657.809998,747.530029,651.099976,700.440002,700.440002,468771914
2017-12-24,700.440002,701.070007,597.119995,675.909973,675.909973,477777689
2017-12-25,676.080017,747.359985,671.710022,723.140015,723.140015,382873119
2017-12-26,723.140015,756.030029,722.229980,753.400024,753.400024,293691001
2017-12-27,753.440002,766.530029,706.669983,739.940002,739.940002,352542483
2017-12-28,739.929993,741.460022,671.229980,716.690002,716.690002,437323299
2017-12-29,716.690002,755.200012,710.200012,739.599976,739.599976,392497843
2017-12-30,739.599976,741.669983,663.880005,692.989990,692.989990,455555629
2017-12-31,692.989990,746.619995,686.440002,741.130005,741.130005,259822610
2018-01-01,741.090027,765.299988,724.330017,756.200012,756.200012,256171569
2018-01-02,756.169983,882.609985,756.169983,861.969971,861.969971,949013949
2018-01-03,861.969971,951.700012,847.900024,941.099976,941.099976,778108786
2018-01-04,941.000000,997.440002,901.030029,944.830017,944.830017,780050914
2018-01-05,944.830017,1018.369995,933.979980,967.130005,967.130005,808280779
2018-01-06,967.130005,1010.169983,958.289978,1006.409973,1006.409973,381555969
2018-01-07,1006.409973,1117.839966,1003.210022,1117.750000,1117.750000,602250144
2018-01-08,1117.750000,1228.250000,967.840027,1136.109985,1136.109985,1292737991
2018-01-09,1136.109985,1300.300049,1133.699951,1289.239990,1289.239990,986697724
2018-01-10,1289.239990,1385.219971,1210.849976,1248.989990,1248.989990,1445484601
2018-01-11,1248.959961,1333.920044,1100.849976,1139.319946,1139.319946,1270849838
2018-01-12,1139.319946,1287.060059,1087.609985,1261.030029,1261.030029,704750432
2018-01-13,1261.060059,1422.859985,1261.010010,1385.020020,1385.020020,744906594
2018-01-14,1385.020020,1389.319946,1267.479980,1359.479980,1359.479980,610496132
2018-01-15,1359.380005,1381.349976,1271.069946,1278.689941,1278.689941,537797572
2018-01-16,1278.699951,1282.270020,864.229980,1050.260010,1050.260010,1931700742
2018-01-17,1050.260010,1115.660034,764.750000,1024.689941,1024.689941,2034010888
2018-01-18,1024.900024,1093.900024,949.559998,1012.969971,1012.969971,1117430433
2018-01-19,1012.969971,1083.619995,982.619995,1037.359985,1037.359985,517599347
2018-01-20,1037.359985,1164.619995,1036.819946,1150.500000,1150.500000,545646401
2018-01-21,1150.500000,1150.569946,1008.059998,1049.089966,1049.089966,543760385
2018-01-22,1049.089966,1084.280029,917.000000,999.640015,999.640015,676845706
2018-01-23,999.750000,1020.659973,908.309998,984.469971,984.469971,660805261
2018-01-24,984.479980,1062.599976,956.969971,1061.780029,1061.780029,521553676
2018-01-25,1061.609985,1102.420044,1022.200012,1046.369995,1046.369995,568607934
2018-01-26,1046.369995,1075.589966,987.130005,1048.579956,1048.579956,509049582
2018-01-27,1048.579956,1121.900024,1033.859985,1109.079956,1109.079956,395059716
2018-01-28,1109.079956,1240.469971,1101.619995,1231.579956,1231.579956,662174309
2018-01-29,1231.569946,1240.319946,1151.530029,1169.959961,1169.959961,515965244
2018-01-30,1169.939941,1173.180054,1034.719971,1063.750000,1063.750000,835962532
2018-01-31,1063.770020,1122.979980,1020.770020,1111.310059,1111.310059,550605628
2018-02-01,1111.290039,1155.579956,954.750000,1026.189941,1026.189941,1033001644
2018-02-02,1026.189941,1027.660034,746.669983,917.469971,917.469971,1606436956
2018-02-03,917.469971,997.599976,845.179993,970.869995,970.869995,552868551
2018-02-04,970.869995,971.049988,781.359985,827.590027,827.590027,666593264
2018-02-05,826.340027,857.820007,629.080017,695.080017,695.080017,1272929187
2018-02-06,695.049988,801.729980,564.190002,785.010010,785.010010,1556542861
2018-02-07,785.159973,858.280029,718.280029,751.809998,751.809998,895500139
2018-02-08,751.859985,844.859985,750.020020,813.549988,813.549988,510550202
2018-02-09,813.549988,880.219971,781.500000,877.880005,877.880005,469210004
2018-02-10,877.659973,909.320007,816.090027,850.750000,850.750000,451412405
2018-02-11,850.989990,853.739990,780.130005,811.239990,811.239990,308313754
2018-02-12,811.169983,874.849976,811.090027,865.270020,865.270020,300521830
2018-02-13,865.280029,867.599976,823.770020,840.979980,840.979980,256092877
2018-02-14,840.989990,922.369995,840.869995,920.109985,920.109985,470132510
2018-02-15,920.109985,947.530029,905.650024,927.950012,927.950012,454133646
2018-02-16,927.950012,945.359985,909.409973,938.020020,938.020020,282763877
2018-02-17,937.919983,974.830017,934.950012,974.770020,974.770020,276682460
2018-02-18,974.780029,981.479980,905.960022,913.900024,913.900024,375068724
2018-02-19,913.900024,955.619995,911.599976,939.789978,939.789978,218921662
2018-02-20,939.789978,958.859985,877.280029,885.520020,885.520020,344672330
2018-02-21,885.520020,906.559998,818.119995,840.099976,840.099976,445950029
2018-02-22,840.190002,871.320007,788.919983,804.630005,804.630005,362800754
2018-02-23,804.609985,882.419983,787.969971,854.700012,854.700012,340134173
2018-02-24,854.700012,874.719971,810.640015,833.489990,833.489990,255866976
2018-02-25,833.489990,849.520020,818.549988,840.280029,840.280029,171228507
2018-02-26,840.280029,880.119995,834.059998,867.619995,867.619995,247282448
2018-02-27,867.619995,894.919983,861.719971,871.580017,871.580017,201082786
2018-02-28,871.590027,887.510010,850.580017,851.500000,851.500000,195669597
2018-03-01,851.500000,880.210022,846.719971,869.869995,869.869995,182033011
2018-03-02,869.840027,876.559998,849.989990,855.599976,855.599976,135957233
2018-03-03,855.599976,867.440002,852.859985,855.650024,855.650024,94471138
2018-03-04,855.650024,867.340027,838.359985,864.830017,864.830017,99578403
2018-03-05,864.919983,868.799988,849.280029,849.419983,849.419983,127303467
2018-03-06,849.570007,851.039978,803.650024,815.690002,815.690002,195875620
2018-03-07,815.650024,825.320007,726.380005,751.130005,751.130005,354361800
2018-03-08,751.130005,772.510010,688.840027,698.830017,698.830017,289838564
2018-03-09,698.830017,730.460022,642.059998,726.919983,726.919983,409323870
2018-03-10,726.760010,747.820007,678.650024,682.299988,682.299988,203802606
2018-03-11,682.299988,735.010010,663.580017,720.359985,720.359985,206098889
2018-03-12,720.369995,739.869995,678.130005,697.020020,697.020020,208107856
2018-03-13,697.000000,714.190002,679.190002,689.960022,689.960022,194913670
2018-03-14,689.960022,703.380005,586.700012,613.150024,613.150024,325415119
2018-03-15,613.150024,620.429993,572.109985,610.559998,610.559998,342311699
2018-03-16,610.659973,626.130005,585.159973,600.530029,600.530029,221082941
2018-03-17,600.530029,609.940002,543.280029,549.789978,549.789978,208843294
2018-03-18,549.789978,559.929993,454.179993,537.380005,537.380005,719812876
2018-03-19,537.380005,559.070007,515.840027,555.549988,555.549988,418500605
2018-03-20,555.549988,567.000000,516.780029,557.570007,557.570007,331343470
2018-03-21,557.570007,590.200012,545.479980,559.909973,559.909973,277714049
2018-03-22,559.909973,578.010010,516.219971,539.890015,539.890015,233985932
2018-03-23,539.890015,543.840027,506.790009,543.830017,543.830017,225200086
2018-03-24,543.840027,546.010010,519.510010,520.159973,520.159973,129350391
2018-03-25,520.169983,535.770020,513.630005,523.010010,523.010010,111462284
2018-03-25,522.969971,526.200012,467.480011,486.250000,486.250000,278656813
2018-03-26,486.140015,491.920013,446.420013,448.779999,448.779999,328179170
2018-03-27,448.779999,465.200012,440.350006,445.929993,445.929993,187271233
2018-03-28,445.929993,448.500000,380.350006,383.899994,383.899994,472575968
2018-03-29,383.959991,411.170013,364.989990,393.820007,393.820007,450253373
2018-03-30,393.829987,421.049988,389.989990,394.070007,394.070007,243062846
2018-03-31,394.070007,399.589996,359.220001,378.850006,378.850006,236013242
2018-04-01,378.850006,394.119995,375.799988,384.679993,384.679993,156793473
2018-04-02,384.679993,426.839996,380.709991,415.929993,415.929993,223508235
2018-04-03,415.929993,417.109985,370.660004,378.649994,378.649994,223170178
2018-04-04,378.649994,387.559998,367.149994,381.359985,381.359985,160332018
2018-04-05,381.429993,385.779999,363.510010,370.350006,370.350006,133748822
2018-04-06,370.350006,397.100006,369.660004,384.980011,384.980011,108165642
2018-04-07,384.980011,404.220001,384.980011,400.720001,400.720001,107956653
2018-04-08,400.720001,431.230011,387.980011,399.019989,399.019989,271803047
2018-04-09,399.019989,418.269989,391.839996,415.649994,415.649994,129335600
2018-04-10,415.649994,433.440002,410.970001,430.420013,430.420013,167561896
2018-04-11,430.390015,498.079987,414.029999,493.950012,493.950012,450834363
2018-04-12,493.950012,528.950012,482.100006,494.959991,494.959991,470945268
2018-04-13,494.959991,514.659973,487.720001,502.790009,502.790009,191073028
2018-04-14,502.790009,534.309998,502.790009,534.150024,534.150024,243926045
2018-04-15,534.159973,537.479980,499.170013,511.670013,511.670013,249996040
2018-04-16,511.670013,522.070007,500.480011,503.029999,503.029999,195195626
2018-04-17,503.029999,526.609985,501.700012,525.780029,525.780029,178681435
2018-04-18,525.780029,570.179993,521.830017,567.250000,567.250000,267530654
2018-04-19,567.250000,622.140015,557.979980,617.159973,617.159973,410498449
2018-04-20,617.169983,625.150024,576.090027,605.169983,605.169983,294264369
2018-04-21,605.169983,644.289978,591.809998,621.330017,621.330017,270504773
2018-04-22,621.330017,648.409973,619.570007,644.130005,644.130005,238556831
2018-04-23,644.130005,711.640015,644.059998,703.349976,703.349976,538337384
2018-04-24,703.400024,703.900024,592.590027,617.729980,617.729980,903686072
2018-04-25,617.619995,665.969971,600.349976,661.450012,661.450012,387845424
2018-04-26,661.409973,686.049988,640.739990,643.330017,643.330017,323944620
2018-04-27,643.119995,693.469971,640.090027,683.020020,683.020020,238423753
2018-04-28,683.020020,698.950012,665.280029,689.309998,689.309998,216606354
2018-04-29,689.309998,693.630005,663.280029,670.039978,670.039978,248315675
2018-04-30,670.039978,674.619995,628.289978,670.809998,670.809998,355270695
2018-05-01,670.809998,690.859985,662.130005,686.739990,686.739990,255558720
2018-05-02,686.739990,787.570007,685.919983,777.619995,777.619995,588164727
2018-05-03,777.780029,804.630005,759.669983,784.210022,784.210022,427563922
2018-05-04,784.190002,827.440002,780.080017,816.580017,816.580017,315600160
2018-05-05,816.590027,834.299988,753.510010,790.390015,790.390015,374541870
2018-05-06,790.390015,794.859985,690.909973,752.400024,752.400024,828032480
2018-05-07,752.390015,775.380005,720.359985,747.789978,747.789978,380893335
2018-05-08,747.789978,759.909973,709.780029,751.270020,751.270020,341691727
2018-05-09,751.270020,767.219971,722.650024,723.609985,723.609985,287536989
2018-05-10,723.630005,735.969971,665.489990,677.799988,677.799988,518848404
2018-05-11,677.799988,690.880005,638.469971,683.640015,683.640015,324590855
2018-05-12,683.640015,740.020020,669.960022,729.340027,729.340027,274037817
2018-05-13,729.340027,741.820007,685.750000,727.409973,727.409973,453297981
2018-05-14,727.409973,738.530029,695.299988,705.640015,705.640015,287313625
2018-05-15,705.640015,710.260010,676.599976,706.719971,706.719971,251185347
2018-05-16,706.710022,718.309998,661.809998,668.380005,668.380005,244822300
2018-05-17,668.409973,694.349976,657.700012,693.570007,693.570007,238310952
2018-05-18,693.570007,716.859985,683.000000,696.049988,696.049988,161222563
2018-05-19,696.049988,722.710022,687.859985,715.150024,715.150024,165135550
2018-05-20,715.150024,718.700012,687.059998,696.729980,696.729980,144560339
2018-05-21,696.729980,698.460022,638.349976,640.840027,640.840027,287275714
2018-05-22,641.119995,649.590027,564.320007,577.010010,577.010010,549177930
2018-05-23,577.010010,609.000000,544.190002,602.590027,602.590027,426679791
2018-05-24,602.659973,615.919983,568.650024,584.770020,584.770020,281427114
2018-05-25,584.770020,607.809998,578.429993,585.760010,585.760010,146794781
2018-05-26,585.760010,590.880005,555.200012,569.640015,569.640015,223422108
2018-05-27,569.640015,574.520020,500.809998,512.030029,512.030029,387811928
2018-05-28,512.030029,572.469971,510.910004,566.590027,566.590027,348565933
2018-05-29,566.700012,585.229980,542.080017,557.119995,557.119995,254739325
2018-05-30,557.119995,585.919983,553.419983,577.229980,577.229980,236501539
2018-05-31,577.229980,589.260010,564.460022,579.010010,579.010010,202265552
2018-06-01,579.010010,599.530029,574.359985,590.530029,590.530029,171480785
2018-06-02,590.530029,628.059998,590.299988,619.039978,619.039978,157840093
2018-06-03,619.030029,625.950012,580.070007,591.309998,591.309998,201486274
2018-06-04,591.309998,612.989990,576.469971,608.229980,608.229980,193989055
2018-06-05,608.200012,611.669983,593.099976,606.299988,606.299988,158835369
2018-06-06,606.299988,616.000000,598.599976,604.440002,604.440002,170556871
2018-06-07,604.440002,607.770020,592.840027,599.549988,599.549988,118164433
2018-06-08,599.549988,609.109985,591.719971,593.380005,593.380005,85198699
2018-06-09,593.349976,593.349976,501.679993,524.739990,524.739990,345313063
2018-06-10,524.729980,535.789978,509.820007,531.150024,531.150024,264673809
2018-06-11,531.150024,539.340027,484.700012,494.529999,494.529999,279956302
2018-06-12,494.529999,501.670013,450.049988,476.299988,476.299988,357167683
2018-06-13,476.299988,526.640015,460.010010,519.830017,519.830017,440112742
2018-06-14,519.830017,521.179993,483.019989,487.510010,487.510010,255304825
2018-06-15,487.510010,503.279999,483.989990,497.220001,497.220001,119611543
2018-06-16,497.220001,507.489990,494.010010,496.739990,496.739990,105737440
2018-06-17,496.839996,524.650024,487.720001,517.630005,517.630005,172442291
2018-06-18,517.630005,547.940002,515.020020,538.450012,538.450012,197307560
2018-06-19,538.450012,541.799988,517.150024,536.159973,536.159973,176897556
2018-06-20,536.159973,544.679993,521.919983,525.770020,525.770020,135522218
2018-06-21,525.739990,525.840027,450.040009,462.160004,462.160004,364779786
2018-06-22,462.160004,481.059998,456.239990,474.179993,474.179993,139553623
2018-06-23,474.179993,476.190002,421.010010,455.250000,455.250000,315576348
2018-06-24,455.250000,473.269989,445.529999,458.820007,458.820007,212246797
2018-06-25,458.809998,461.179993,429.380005,429.579987,429.579987,204035202
2018-06-26,429.890015,446.119995,419.839996,441.750000,441.750000,182343321
2018-06-27,441.750000,443.510010,417.619995,420.720001,420.720001,149788331
2018-06-28,420.700012,441.869995,405.010010,435.250000,435.250000,227564744
2018-06-29,435.260010,462.559998,435.160004,453.420013,453.420013,168467579
2018-06-30,453.410004,456.470001,444.779999,451.950012,451.950012,100452349
2018-07-01,451.959991,481.829987,444.309998,476.579987,476.579987,195332556
2018-07-02,476.579987,486.760010,459.779999,461.950012,461.950012,182372293
2018-07-03,461.790009,481.790009,451.459991,467.190002,467.190002,163295006
2018-07-04,467.190002,478.440002,458.369995,467.549988,467.549988,182403445
2018-07-05,467.549988,475.670013,451.950012,469.929993,469.929993,139284675
2018-07-06,469.929993,489.329987,461.850006,485.809998,485.809998,119595512
2018-07-07,485.820007,495.230011,482.230011,486.190002,486.190002,133102164
2018-07-08,486.190002,487.910004,469.000000,471.480011,471.480011,137591337
2018-07-09,471.480011,473.059998,427.820007,432.690002,432.690002,250532493
2018-07-20,468.649994,469.019989,452.660004,462.790009,462.790009,95967888
